iter	Accuracy	MultiClass
0	0.6452991453	1.096606237
499	0.7305555556	0.7106337849
